candidate_id,candidate_title,year,cos,meta,final,seed,comp_genres,comp_keywords,comp_cast,comp_director,comp_runtime,comp_language,comp_popularity,comp_vote,name_norm,year_str,genre_list,director_list,watchlist_priority,genre_boost,director_boost,genre_penalty,director_penalty,score
1420,Breakfast on Pluto,2005.0,0.0,0.4557,0.1823,Pride,1.0,0.0769,0.0,0.0,0.9651,1.0,0.9668,0.8735,breakfast on pluto,2005,[],[],True,False,False,False,False,2
624860,The Matrix Resurrections,2021.0,0.0,0.4696,0.1879,The Matrix,0.6667,0.2667,0.0526,0.5,0.935,1.0,0.813,0.5343,the matrix resurrections,2021,[],[],True,False,False,False,False,2
1523,The Last King of Scotland,2006.0,0.0,0.4507,0.1803,The Social Network,1.0,0.0392,0.0,0.0,0.9978,1.0,0.8719,0.987,the last king of scotland,2006,[],[],True,False,False,False,False,2
1213,The Talented Mr. Ripley,1999.0,0.0,0.4546,0.1818,Uncut Gems,1.0,0.0377,0.0,0.0,0.9912,1.0,0.9505,0.999,the talented mr. ripley,1999,[],[],True,False,False,False,False,2
1272,Sunshine,2007.0,0.0,0.5124,0.2049,28 Days Later,0.6667,0.0244,0.0303,1.0,0.9802,1.0,0.7837,0.9312,sunshine,2007,[],[],True,False,False,False,False,2
9388,Thank You for Smoking,2005.0,0.0,0.4548,0.1819,Big Time Adolescence,1.0,0.0303,0.0,0.0,0.9994,1.0,0.9765,0.9995,thank you for smoking,2005,[],[],True,False,False,False,False,2
11071,Them!,1954.0,0.0,0.4536,0.1814,Phase IV,1.0,0.0571,0.0,0.0,0.9651,1.0,0.9969,0.882,them!,1954,[],[],True,False,False,False,False,2
3146,The War of the Gargantuas,1966.0,0.0,0.5047,0.2019,Godzilla,0.5,0.1429,0.1111,1.0,0.9651,1.0,0.9372,0.6765,the war of the gargantuas,1966,[],[],True,False,False,False,False,2
10139,Milk,2008.0,0.0,0.4551,0.182,Steve Jobs,1.0,0.0606,0.0,0.0,0.9802,1.0,0.9937,0.8847,milk,2008,[],[],True,False,False,False,False,2
9377,Ferris Bueller's Day Off,1986.0,0.0,0.5029,0.2012,The Breakfast Club,0.5,0.1538,0.0,1.0,0.9862,1.0,0.9891,0.9675,ferris bueller's day off,1986,[],[],True,False,False,False,False,2
468,My Own Private Idaho,1991.0,0.0,0.5703,0.2281,Good Will Hunting,1.0,0.0233,0.0,1.0,0.7454,1.0,0.8312,0.736,my own private idaho,1991,[],[],True,False,False,False,False,2
27429,Shivers,1975.0,0.0,0.5846,0.2339,Crimes of the Future,1.0,0.0,0.0,1.0,0.8183,1.0,0.9589,0.9155,shivers,1975,[],[],True,False,False,False,False,2
509,Notting Hill,1999.0,0.0,0.4642,0.1857,Pretty Woman,1.0,0.0588,0.0256,0.0,0.9912,1.0,0.9948,0.96,notting hill,1999,[],[],True,False,False,False,False,2
9303,Bound,1996.0,0.0,0.4483,0.1793,Good Time,1.0,0.0,0.0,0.0,0.995,1.0,0.9724,0.9992,bound,1996,[],[],True,False,False,False,False,2
2756,The Abyss,1989.0,0.0,0.4592,0.1837,Aliens,0.5,0.0,0.0256,1.0,0.995,1.0,0.7502,0.8367,the abyss,1989,[],[],True,False,False,False,False,2
11868,Dracula,1958.0,0.2142,0.4735,0.3179,Dracula,1.0,0.1364,0.0,0.0,0.9651,1.0,0.99,0.9695,dracula,1958,[],[],True,False,False,False,False,2
646380,Don't Look Up,2021.0,0.0,0.4594,0.1837,Anchorman 2: The Legend Continues,0.5,0.0357,0.0,1.0,0.8183,1.0,0.96,0.766,don't look up,2021,[],[],True,False,False,False,False,2
25248,Saint Ralph,2005.0,0.0,0.4532,0.1813,Big Time Adolescence,1.0,0.0455,0.0,0.0,0.9912,1.0,0.9751,0.916,saint ralph,2005,[],[],False,False,False,False,False,0
1273,TMNT,2007.0,0.0,0.4535,0.1814,The Secret Life of Pets,1.0,0.0303,0.0,0.0,1.0,1.0,0.9885,0.9603,tmnt,2007,[],[],False,False,False,False,False,0
1656,The Legend of Zorro,2005.0,0.0,0.4523,0.1809,Casino Royale,0.5,0.0294,0.0,1.0,0.8825,1.0,0.9058,0.6405,the legend of zorro,2005,[],[],False,False,False,False,False,0
180,Minority Report,2002.0,0.0,0.4536,0.1815,The Lost World: Jurassic Park,0.5,0.0,0.0256,1.0,0.8674,1.0,0.8014,0.8013,minority report,2002,[],[],False,False,False,False,False,0
9403,Private Parts,1997.0,0.0,0.4536,0.1815,Patch Adams,1.0,0.0952,0.0,0.0,0.9802,1.0,0.9247,0.7868,private parts,1997,[],[],False,False,False,False,False,0
2056,The Station Agent,2003.0,0.0,0.4538,0.1815,Lady Bird,1.0,0.0476,0.0,0.0,0.9802,1.0,0.9308,0.9745,the station agent,2003,[],[],False,False,False,False,False,0
9451,Election,1999.0,0.0,0.4522,0.1809,Alex Strangelove,1.0,0.0345,0.0,0.0,0.9912,1.0,0.9877,0.9267,election,1999,[],[],False,False,False,False,False,0
10925,The Return of the Living Dead,1985.0,0.0,0.4524,0.181,Re-Animator,1.0,0.0312,0.0,0.0,0.9862,1.0,0.9694,0.9675,the return of the living dead,1985,[],[],False,False,False,False,False,0
1422,The Departed,2006.0,0.0,0.4526,0.181,The Wolf of Wall Street,0.5,0.0,0.0256,1.0,0.6267,1.0,0.8655,0.957,the departed,2006,[],[],False,False,False,False,False,0
26278,Quatermass 2,1957.0,0.0,0.4528,0.1811,Phase IV,1.0,0.0323,0.0,0.0,0.9994,1.0,0.9451,0.982,quatermass 2,1957,[],[],False,False,False,False,False,0
1542,Office Space,1999.0,0.0,0.4529,0.1812,Borat: Cultural Learnings of America for Make Benefit Glorious Nation of Kazakhstan,1.0,0.0645,0.0,0.0,0.9802,1.0,0.968,0.8518,office space,1999,[],[],False,False,False,False,False,0
1546,Thumbsucker,2005.0,0.0,0.4532,0.1813,Alex Strangelove,1.0,0.0476,0.0,0.0,0.995,1.0,0.9843,0.8947,thumbsucker,2005,[],[],False,False,False,False,False,0
220,East of Eden,1955.0,0.0,0.4533,0.1813,The Straight Story,1.0,0.0294,0.0,0.0,0.995,1.0,0.991,0.9627,east of eden,1955,[],[],False,False,False,False,False,0
25133,Transylvania 6-5000,1985.0,0.0,0.4538,0.1815,Fright Night,1.0,0.1,0.0,0.0,0.9104,1.0,0.9911,0.775,transylvania 6-5000,1985,[],[],False,False,False,False,False,0
28053,City Island,2009.0,0.0,0.4532,0.1813,The Meyerowitz Stories (New and Selected),1.0,0.0588,0.0,0.0,0.9651,1.0,0.9884,0.876,city island,2009,[],[],False,False,False,False,False,0
929,Godzilla,1998.0,0.3038,0.5221,0.3912,The Day After Tomorrow,0.75,0.0189,0.0,1.0,0.8825,1.0,0.9615,0.7732,godzilla,1998,[],[],False,False,False,False,False,0
11159,Secrets & Lies,1996.0,0.0,0.4545,0.1818,Marriage Story,1.0,0.0526,0.0,0.0,0.9862,1.0,0.9523,0.9418,secrets & lies,1996,[],[],False,False,False,False,False,0
10130,Gorillas in the Mist,1988.0,0.0,0.4542,0.1817,Steve Jobs,1.0,0.0435,0.0,0.0,0.9731,1.0,0.9966,0.941,gorillas in the mist,1988,[],[],False,False,False,False,False,0
12102,Kramer vs. Kramer,1979.0,0.0,0.4542,0.1817,The Straight Story,1.0,0.037,0.0,0.0,0.9731,1.0,0.9944,0.9685,kramer vs. kramer,1979,[],[],False,False,False,False,False,0
25944,Blood for Dracula,1974.0,0.0,0.4567,0.1827,Fright Night,1.0,0.0667,0.0,0.0,0.995,1.0,0.9983,0.875,blood for dracula,1974,[],[],False,False,False,False,False,0
235,Stand by Me,1986.0,0.0,0.4565,0.1826,Trainspotting,1.0,0.0476,0.0,0.0,0.9862,1.0,0.9691,0.9848,stand by me,1986,[],[],False,False,False,False,False,0
1402,The Pursuit of Happyness,2006.0,0.0,0.4565,0.1826,The Greatest Showman,1.0,0.0625,0.0,0.0,0.9231,1.0,0.9607,0.9952,the pursuit of happyness,2006,[],[],False,False,False,False,False,0
11025,New York Minute,2004.0,0.0,0.4562,0.1825,The Inbetweeners Movie,1.0,0.0417,0.0,0.0,0.9802,1.0,0.9913,0.9857,new york minute,2004,[],[],False,False,False,False,False,0
1571,Live Free or Die Hard,2007.0,0.0,0.4564,0.1825,Ballerina,0.6667,0.0,0.0,1.0,0.995,1.0,0.0,0.7987,live free or die hard,2007,[],[],False,False,False,False,False,0
837881,She Said,2022.0,0.0,0.4564,0.1825,Steve Jobs,1.0,0.0435,0.0256,0.0,0.9731,1.0,0.9833,0.8942,she said,2022,[],[],False,False,False,False,False,0
10149,Smoke,1995.0,0.0,0.4562,0.1825,The Royal Tenenbaums,1.0,0.0714,0.0,0.0,0.9978,1.0,0.9077,0.9327,smoke,1995,[],[],False,False,False,False,False,0
2577,Code 46,2003.0,0.0,0.4559,0.1824,Monsters,1.0,0.0435,0.0,0.0,0.9994,1.0,0.9448,0.9995,code 46,2003,[],[],False,False,False,False,False,0
2001,We Own the Night,2007.0,0.0,0.4559,0.1823,Good Time,1.0,0.0968,0.0,0.0,0.8674,1.0,0.9932,0.8695,we own the night,2007,[],[],False,False,False,False,False,0
10946,Earth,2007.0,0.0,0.4554,0.1822,My Octopus Teacher,1.0,0.0455,0.0,0.0,0.9862,1.0,0.9998,0.9405,earth,2007,[],[],False,False,False,False,False,0
3127,The Revenge of Frankenstein,1958.0,0.0,0.4549,0.182,Phase IV,1.0,0.0476,0.0,0.0,0.9912,1.0,0.985,0.932,the revenge of frankenstein,1958,[],[],False,False,False,False,False,0
1908,Inherit the Wind,1960.0,0.0,0.4549,0.182,Marriage Story,1.0,0.0435,0.0,0.0,0.956,1.0,0.9843,0.9835,inherit the wind,1960,[],[],False,False,False,False,False,0
1850,Man on the Moon,1999.0,0.0,0.4551,0.182,BlackBerry,1.0,0.0333,0.0,0.0,0.9978,1.0,0.9893,0.982,man on the moon,1999,[],[],False,False,False,False,False,0
9352,EuroTrip,2004.0,0.0,0.455,0.182,Easy A,1.0,0.04,0.0,0.0,0.9994,1.0,0.9924,0.9483,eurotrip,2004,[],[],False,False,False,False,False,0
2566,Time to Leave,2005.0,0.0,0.4547,0.1819,It's Only the End of the World,1.0,0.125,0.0,0.0,0.7827,1.0,0.9868,0.8247,time to leave,2005,[],[],False,False,False,False,False,0
440907,David Hockney: A Bigger Picture,2009.0,0.0,0.4546,0.1819,David Lynch: The Art Life,1.0,0.1111,0.0,0.0,0.6869,1.0,0.9757,0.9857,david hockney: a bigger picture,2009,[],[],False,False,False,False,False,0
812284,A.rtificial I.mmortality,2021.0,0.0,0.4519,0.1808,AlphaGo,1.0,0.1667,0.0,0.0,0.8674,1.0,0.9948,0.51,a.rtificial i.mmortality,2021,[],[],False,False,False,False,False,0
10158,White Men Can't Jump,1992.0,0.0,0.4544,0.1818,Hustle,1.0,0.0952,0.0,0.0,0.9978,1.0,0.9812,0.728,white men can't jump,1992,[],[],False,False,False,False,False,0
2007,Lorenzo's Oil,1992.0,0.0,0.4543,0.1817,Erin Brockovich,1.0,0.0769,0.0,0.0,0.9912,1.0,0.8724,0.914,lorenzo's oil,1992,[],[],False,False,False,False,False,0
11129,Human Traffic,1999.0,0.0,0.4521,0.1808,Big Time Adolescence,1.0,0.0455,0.0,0.0,0.9651,1.0,0.9923,0.9025,human traffic,1999,[],[],False,False,False,False,False,0
11015,The Relic,1997.0,0.0,0.4514,0.1806,The Ritual,1.0,0.0714,0.0,0.0,0.8674,1.0,0.9415,0.933,the relic,1997,[],[],False,False,False,False,False,0
9424,Disturbing Behavior,1998.0,0.0,0.452,0.1808,The Void,1.0,0.0357,0.0,0.0,0.9802,1.0,0.9734,0.943,disturbing behavior,1998,[],[],False,False,False,False,False,0
1548,Ghost World,2001.0,0.0,0.4521,0.1808,The French Dispatch,1.0,0.0,0.0256,0.0,0.995,1.0,0.9564,0.9875,ghost world,2001,[],[],False,False,False,False,False,0
11004,Wonder Boys,2000.0,0.0,0.4495,0.1798,Alex Strangelove,1.0,0.0333,0.0,0.0,0.9231,1.0,0.9893,0.9438,wonder boys,2000,[],[],False,False,False,False,False,0
9400,Set It Off,1996.0,0.0,0.4495,0.1798,Uncut Gems,1.0,0.0513,0.0,0.0,0.9104,1.0,0.8763,0.9978,set it off,1996,[],[],False,False,False,False,False,0
28000,Somebody Up There Likes Me,1956.0,0.0,0.4494,0.1798,The Straight Story,1.0,0.0385,0.0,0.0,0.9994,1.0,0.9596,0.875,somebody up there likes me,1956,[],[],False,False,False,False,False,0
28292,Follow the Fleet,1936.0,0.0,0.4495,0.1798,Mamma Mia!,1.0,0.0488,0.0,0.0,0.9978,1.0,0.8456,0.9525,follow the fleet,1936,[],[],False,False,False,False,False,0
9519,Chopper,2000.0,0.0,0.4493,0.1797,Good Time,1.0,0.0333,0.0,0.0,0.9651,1.0,0.9988,0.8892,chopper,2000,[],[],False,False,False,False,False,0
3077,Son of Frankenstein,1939.0,0.0,0.4492,0.1797,Phase IV,1.0,0.0476,0.0,0.0,0.9104,1.0,0.9766,0.907,son of frankenstein,1939,[],[],False,False,False,False,False,0
11087,The Hand That Rocks the Cradle,1992.0,0.0,0.449,0.1796,One Hour Photo,1.0,0.04,0.0,0.0,0.8968,1.0,0.978,0.946,the hand that rocks the cradle,1992,[],[],False,False,False,False,False,0
24681,White Wedding,2009.0,0.0,0.4489,0.1796,Mamma Mia!,1.0,0.0833,0.0,0.0,0.8825,1.0,0.856,0.906,white wedding,2009,[],[],False,False,False,False,False,0
1966,Alexander,2004.0,0.0932,0.3092,0.1796,King Kong,0.5,0.0,0.0,0.0,0.9231,1.0,0.997,0.7648,alexander,2004,[],[],False,False,False,False,False,0
9358,Final Destination 2,2003.0,0.0,0.4488,0.1795,It Follows,1.0,0.037,0.0,0.0,0.935,1.0,0.9654,0.9277,final destination 2,2003,[],[],False,False,False,False,False,0
10948,The Fox and the Hound,1981.0,0.0,0.4484,0.1794,Tarzan,1.0,0.0455,0.0,0.0,0.9802,1.0,0.8724,0.9345,the fox and the hound,1981,[],[],False,False,False,False,False,0
11954,Lifeforce,1985.0,0.0,0.4486,0.1794,Alien Resurrection,1.0,0.04,0.0,0.0,0.9731,1.0,0.857,0.981,lifeforce,1985,[],[],False,False,False,False,False,0
1382,Me and You and Everyone We Know,2005.0,0.0,0.4484,0.1794,Little Miss Sunshine,1.0,0.0833,0.0,0.0,0.935,1.0,0.8724,0.827,me and you and everyone we know,2005,[],[],False,False,False,False,False,0
10896,Tin Men,1987.0,0.0,0.4485,0.1794,The Meyerowitz Stories (New and Selected),1.0,0.0,0.0,0.0,1.0,1.0,0.9878,0.983,tin men,1987,[],[],False,False,False,False,False,0
9382,Boys on the Side,1995.0,0.0,0.4481,0.1793,The Meyerowitz Stories (New and Selected),1.0,0.0,0.0,0.0,0.995,1.0,0.9927,0.9748,boys on the side,1995,[],[],False,False,False,False,False,0
1968,Fools Rush In,1997.0,0.0,0.4483,0.1793,Ticket to Paradise,1.0,0.0,0.0,0.0,0.9862,1.0,0.9909,0.9888,fools rush in,1997,[],[],False,False,False,False,False,0
1550,Pieces of April,2003.0,0.0,0.448,0.1792,The Meyerowitz Stories (New and Selected),1.0,0.0952,0.0,0.0,0.5863,1.0,0.9972,0.9965,pieces of april,2003,[],[],False,False,False,False,False,0
25319,The Masque of the Red Death,1964.0,0.0,0.448,0.1792,Shadow of the Vampire,1.0,0.0,0.0,0.0,0.9862,1.0,0.999,0.975,the masque of the red death,1964,[],[],False,False,False,False,False,0
9366,Donnie Brasco,1997.0,0.0,0.4477,0.1791,Inside Man,1.0,0.0278,0.0,0.0,0.9978,1.0,0.8796,0.965,donnie brasco,1997,[],[],False,False,False,False,False,0
471609,The Child Remains,2017.0,0.0,0.4477,0.1791,Velvet Buzzsaw,1.0,0.0,0.0,0.0,0.9802,1.0,0.9806,0.9932,the child remains,2017,[],[],False,False,False,False,False,0
1662,State of Grace,1990.0,0.0,0.4478,0.1791,Uncut Gems,1.0,0.0303,0.0,0.0,0.9994,1.0,0.8853,0.95,state of grace,1990,[],[],False,False,False,False,False,0
1538,Collateral,2004.0,0.0,0.4498,0.1799,Inside Man,1.0,0.0217,0.0,0.0,0.956,1.0,0.9936,0.959,collateral,2004,[],[],False,False,False,False,False,0
27996,Dr. Dolittle: Tail to the Chief,2008.0,0.0,0.4497,0.1799,Fat Albert,1.0,0.0,0.0256,0.0,0.9651,1.0,0.9759,0.95,dr. dolittle: tail to the chief,2008,[],[],False,False,False,False,False,0
25360,Jack the Giant Killer,1962.0,0.0,0.4498,0.1799,The Dark Crystal,1.0,0.0556,0.0,0.0,0.9994,1.0,0.9535,0.8205,jack the giant killer,1962,[],[],False,False,False,False,False,0
1209285,We Treat Women Too Well,2024.0,0.0,0.4513,0.1805,Look Who's Back,1.0,0.3333,0.0,0.0,0.8007,0.0,0.9793,0.9118,we treat women too well,2024,[],[],False,False,False,False,False,0
1162,The Miracle Worker,1962.0,0.0,0.4518,0.1807,The Straight Story,1.0,0.0303,0.0,0.0,0.9802,1.0,0.9838,0.95,the miracle worker,1962,[],[],False,False,False,False,False,0
11026,Exorcist: The Beginning,2004.0,0.0,0.4517,0.1807,The Exorcist,1.0,0.2059,0.0,0.0,0.9651,1.0,0.8329,0.4125,exorcist: the beginning,2004,[],[],False,False,False,False,False,0
22949,Old Dogs,2009.0,0.0,0.4574,0.183,Jack and Jill,1.0,0.1111,0.0,0.0,0.995,1.0,0.9973,0.7118,old dogs,2009,[],[],False,False,False,False,False,0
3145,The Horror of Frankenstein,1970.0,0.0,0.4515,0.1806,Phase IV,1.0,0.0526,0.0,0.0,0.956,1.0,0.9959,0.868,the horror of frankenstein,1970,[],[],False,False,False,False,False,0
28033,Stuart Saves His Family,1995.0,0.0,0.4514,0.1806,The Meyerowitz Stories (New and Selected),1.0,0.125,0.0,0.0,0.8517,1.0,0.9943,0.683,stuart saves his family,1995,[],[],False,False,False,False,False,0
1910,SommerHundeSöhne,2005.0,0.0,0.4514,0.1806,Summer Storm,1.0,0.087,0.0,0.0,0.9978,1.0,0.9826,0.7,sommerhundesöhne,2005,[],[],False,False,False,False,False,0
9378,Thir13en Ghosts,2001.0,0.0,0.4516,0.1806,Insidious: Chapter 2,1.0,0.0714,0.0,0.0,0.8825,1.0,0.9651,0.8978,thir13en ghosts,2001,[],[],False,False,False,False,False,0
2039,Moonstruck,1987.0,0.0,0.4516,0.1806,Ticket to Paradise,1.0,0.0484,0.0,0.0,0.9978,1.0,0.9567,0.884,moonstruck,1987,[],[],False,False,False,False,False,0
9410,Great Expectations,1998.0,0.0,0.4515,0.1806,Ticket to Paradise,1.0,0.0263,0.0,0.0,0.9731,1.0,0.9976,0.9535,great expectations,1998,[],[],False,False,False,False,False,0
11120,The Mosquito Coast,1986.0,0.0,0.4512,0.1805,Mowgli: Legend of the Jungle,1.0,0.0556,0.0,0.0,0.8968,1.0,0.9309,0.975,the mosquito coast,1986,[],[],False,False,False,False,False,0
10900,Surveillance,2008.0,0.0,0.4496,0.1799,The Ritual,1.0,0.0303,0.0,0.0,0.995,1.0,0.9513,0.925,surveillance,2008,[],[],False,False,False,False,False,0
9373,The Texas Chainsaw Massacre,2003.0,0.0,0.4512,0.1805,Hostel,1.0,0.0435,0.0,0.0,0.9912,1.0,0.9464,0.912,the texas chainsaw massacre,2003,[],[],False,False,False,False,False,0
26771,That Sinking Feeling,1980.0,0.0,0.4509,0.1804,Bottle Rocket,1.0,0.05,0.0,0.0,0.9978,1.0,0.968,0.852,that sinking feeling,1980,[],[],False,False,False,False,False,0
653734,Coded Bias,2020.0,0.0,0.451,0.1804,AlphaGo,1.0,0.0625,0.0,0.0,0.9912,1.0,0.9976,0.782,coded bias,2020,[],[],False,False,False,False,False,0
26181,Some Girls Do,1969.0,0.0,0.4511,0.1804,Johnny English,1.0,0.0476,0.0,0.0,0.9994,1.0,0.9279,0.9045,some girls do,1969,[],[],False,False,False,False,False,0
9369,Asterix Conquers America,1994.0,0.0,0.451,0.1804,Werner - Volles Rooäää!!!,0.4,0.0667,0.0,1.0,0.9651,1.0,0.9653,0.823,asterix conquers america,1994,[],[],False,False,False,False,False,0
11135,The Rescuers Down Under,1990.0,0.0,0.4504,0.1802,The Land Before Time XI: Invasion of the Tinysauruses,1.0,0.0,0.0312,0.0,0.9862,1.0,0.982,0.9155,the rescuers down under,1990,[],[],False,False,False,False,False,0
27223,Lost in America,1985.0,0.0,0.4506,0.1802,Borat: Cultural Learnings of America for Make Benefit Glorious Nation of Kazakhstan,1.0,0.0357,0.0,0.0,0.9731,1.0,0.9255,0.9705,lost in america,1985,[],[],False,False,False,False,False,0
2640,Heathers,1988.0,0.0,0.45,0.18,Seven Psychopaths,1.0,0.0385,0.0,0.0,0.9731,1.0,0.9854,0.8875,heathers,1988,[],[],False,False,False,False,False,0
443009,"Don't Worry, He Won't Get Far on Foot",2018.0,0.0,0.4499,0.18,Pride,1.0,0.0667,0.0,0.0,0.9862,1.0,0.9964,0.7492,"don't worry, he won't get far on foot",2018,[],[],False,False,False,False,False,0
3124,The Evil of Frankenstein,1964.0,0.0,0.4572,0.1829,Phase IV,1.0,0.0556,0.0,0.0,0.9994,1.0,0.9803,0.943,the evil of frankenstein,1964,[],[],False,False,False,False,False,0
12110,Dracula: Dead and Loving It,1995.0,0.0,0.4584,0.1833,Fright Night,1.0,0.0909,0.0,0.0,0.8353,1.0,0.9952,0.973,dracula: dead and loving it,1995,[],[],False,False,False,False,False,0
10127,Critters 2,1988.0,0.0,0.4576,0.183,Slither,1.0,0.0714,0.0,0.0,0.956,1.0,0.9818,0.9283,critters 2,1988,[],[],False,False,False,False,False,0
1669,The Hunt for Red October,1990.0,0.0,0.5136,0.2055,Predator,0.75,0.0,0.0,1.0,0.6469,1.0,0.9058,0.97,the hunt for red october,1990,[],[],False,False,False,False,False,0
10151,Snow White,2005.0,0.0711,0.4214,0.2112,Christiane F.,1.0,0.0,0.0,0.0,0.8353,1.0,0.9669,0.625,snow white,2005,[],[],False,False,False,False,False,0
10192,Shrek Forever After,2010.0,0.0,0.527,0.2108,Shrek the Third,1.0,0.0645,0.3333,0.0,1.0,1.0,0.9705,0.978,shrek forever after,2010,[],[],False,False,False,False,False,0
24662,Cats Don't Dance,1997.0,0.0,0.5258,0.2103,Chicken Little,0.75,0.0,0.0526,1.0,0.9731,1.0,0.9107,0.6715,cats don't dance,1997,[],[],False,False,False,False,False,0
10144,The Little Mermaid,1989.0,0.0,0.5216,0.2086,Aladdin,0.6,0.125,0.0256,1.0,0.956,1.0,0.9617,0.9115,the little mermaid,1989,[],[],False,False,False,False,False,0
1429,25th Hour,2002.0,0.0,0.5183,0.2073,Inside Man,0.6667,0.0244,0.0256,1.0,0.9802,1.0,0.8701,0.9817,25th hour,2002,[],[],False,False,False,False,False,0
1636,Bedazzled,2000.0,0.0,0.5159,0.2064,Groundhog Day,0.75,0.0,0.0256,1.0,0.9651,1.0,0.8829,0.617,bedazzled,2000,[],[],False,False,False,False,False,0
267935,The BFG,2016.0,0.0,0.5155,0.2062,E.T. the Extra-Terrestrial,0.75,0.0,0.0,1.0,0.9978,1.0,0.8703,0.692,the bfg,2016,[],[],False,False,False,False,False,0
9383,Hollow Man,2000.0,0.0,0.5147,0.2059,Starship Troopers,0.75,0.0,0.0,1.0,0.8517,1.0,0.9647,0.7283,hollow man,2000,[],[],False,False,False,False,False,0
9312,Mortal Kombat,1995.0,0.0,0.5142,0.2057,Monster Hunter,0.6667,0.0303,0.0,1.0,0.9978,1.0,0.9932,0.8383,mortal kombat,1995,[],[],False,False,False,False,False,0
28387,Kicking and Screaming,1995.0,0.0,0.5109,0.2044,The Meyerowitz Stories (New and Selected),0.6667,0.0,0.0256,1.0,0.8674,1.0,0.989,0.9258,kicking and screaming,1995,[],[],False,False,False,False,False,0
1665,Last Days,2005.0,0.0,0.5352,0.2141,Good Will Hunting,1.0,0.0,0.0,1.0,0.6065,1.0,0.7525,0.3445,last days,2005,[],[],False,False,False,False,False,0
9342,The Mask of Zorro,1998.0,0.0,0.506,0.2024,Casino Royale,0.6667,0.0312,0.0,1.0,0.9651,1.0,0.9434,0.753,the mask of zorro,1998,[],[],False,False,False,False,False,0
2616,Uncle Buck,1989.0,0.0,0.5033,0.2013,The Breakfast Club,0.6667,0.0,0.0,1.0,0.9978,1.0,0.9706,0.7635,uncle buck,1989,[],[],False,False,False,False,False,0
28200,Sylvia,2003.0,0.056,0.4173,0.2005,All My Life,1.0,0.0,0.0,0.0,0.8674,1.0,0.9768,0.501,sylvia,2003,[],[],False,False,False,False,False,0
1991,Death Proof,2007.0,0.0,0.501,0.2004,Kill Bill: Vol. 2,0.6667,0.0179,0.0526,1.0,0.7454,1.0,0.9185,0.74,death proof,2007,[],[],False,False,False,False,False,0
2018,The Wedding Planner,2001.0,0.0,0.5011,0.2004,Hairspray,0.6667,0.0,0.0,1.0,0.8968,1.0,0.9762,0.816,the wedding planner,2001,[],[],False,False,False,False,False,0
10140,The Chronicles of Narnia: The Voyage of the Dawn Treader,2010.0,0.0,0.4982,0.1993,"The Chronicles of Narnia: The Lion, the Witch and the Wardrobe",1.0,0.2353,0.2121,0.0,0.6065,1.0,0.7418,0.8262,the chronicles of narnia: the voyage of the dawn treader,2010,[],[],False,False,False,False,False,0
1003581,Justice League: Warworld,2023.0,0.0,0.4936,0.1974,Spider-Man: Into the Spider-Verse,1.0,0.5,0.0,0.0,0.667,1.0,0.5814,0.6235,justice league: warworld,2023,[],[],False,False,False,False,False,0
962,The Gold Rush,1925.0,0.0,0.4904,0.1962,Modern Times,0.5,0.0541,0.0526,1.0,0.9651,1.0,0.9954,0.9217,the gold rush,1925,[],[],False,False,False,False,False,0
2080,X-Men Origins: Wolverine,2009.0,0.0,0.4873,0.1949,Justice League,1.0,0.2857,0.0,0.0,0.9104,1.0,0.7443,0.9495,x-men origins: wolverine,2009,[],[],False,False,False,False,False,0
10098,The Kid,1921.0,0.0,0.5318,0.2127,Modern Times,0.6667,0.0789,0.0526,1.0,0.8183,1.0,0.9947,0.963,the kid,1921,[],[],False,False,False,False,False,0
1208743,Ro,,0.1285,0.3484,0.2165,The Land Before Time XI: Invasion of the Tinysauruses,1.0,0.0,0.0,0.0,0.9978,0.0,0.9712,0.0,ro,nan,[],[],False,False,False,False,False,0
9431,Bordello of Blood,1996.0,0.0,0.4574,0.183,Fright Night,1.0,0.0769,0.0256,0.0,0.8183,1.0,0.9966,0.9225,bordello of blood,1996,[],[],False,False,False,False,False,0
1939,Laura,1944.0,0.1804,0.3457,0.2465,Antlers,0.6667,0.0,0.0,0.0,0.935,1.0,0.9958,0.6493,laura,1944,[],[],False,False,False,False,False,0
1924,Superman,1978.0,0.2444,0.4698,0.3345,Black Panther,1.0,0.1304,0.0,0.0,0.956,1.0,0.9719,0.9457,superman,1978,[],[],False,False,False,False,False,0
1498,Teenage Mutant Ninja Turtles,1990.0,0.2549,0.4414,0.3295,Teenage Mutant Ninja Turtles,0.8,0.3182,0.0,0.0,0.9651,1.0,0.7857,0.8055,teenage mutant ninja turtles,1990,[],[],False,False,False,False,False,0
532,A Close Shave,1996.0,0.0,0.7713,0.3085,The Wrong Trousers,1.0,0.3704,0.5,1.0,1.0,1.0,0.9953,0.949,a close shave,1996,[],[],False,False,False,False,False,0
2661,Batman,1966.0,0.2131,0.4507,0.3082,21 Jump Street,1.0,0.0606,0.0,0.0,0.9912,1.0,0.8997,0.8805,batman,1966,[],[],False,False,False,False,False,0
9320,The Avengers,1998.0,0.2575,0.3814,0.3071,Teenage Mutant Ninja Turtles,0.8,0.0968,0.0,0.0,0.9231,1.0,0.6918,0.6255,the avengers,1998,[],[],False,False,False,False,False,0
262097,Trio,1997.0,0.2538,0.363,0.2975,Seven Psychopaths,1.0,0.0,0.0,0.0,0.9731,0.0,0.9183,0.3692,trio,1997,[],[],False,False,False,False,False,0
11122,India,1993.0,0.1767,0.4412,0.2825,Summer Storm,1.0,0.037,0.0,0.0,0.9651,1.0,0.9614,0.75,india,1993,[],[],False,False,False,False,False,0
22843,Evangelion: 2.0 You Can (Not) Advance,2009.0,0.0,0.6747,0.2699,Neon Genesis Evangelion: The End of Evangelion,1.0,0.1176,0.6316,0.6667,0.7066,1.0,0.9195,0.8717,evangelion: 2.0 you can (not) advance,2009,[],[],False,False,False,False,False,0
863,Toy Story 2,1999.0,0.0,0.6172,0.2469,Toy Story,0.75,0.1143,0.3793,1.0,0.935,1.0,0.7776,0.9077,toy story 2,1999,[],[],False,False,False,False,False,0
28942,The Brood,1979.0,0.0,0.6037,0.2415,The Fly,1.0,0.1,0.0,1.0,0.9912,1.0,0.8625,0.821,the brood,1979,[],[],False,False,False,False,False,0
10110,Empire of the Sun,1987.0,0.0,0.542,0.2168,Schindler's List,1.0,0.0,0.0,1.0,0.3753,1.0,0.7286,0.736,empire of the sun,1987,[],[],False,False,False,False,False,0
1544,Imagine Me & You,2006.0,0.0,0.5812,0.2325,Ticket to Paradise,1.0,0.0,0.0,1.0,0.935,1.0,0.9743,0.7145,imagine me & you,2006,[],[],False,False,False,False,False,0
632856,Spirited,2022.0,0.0,0.5803,0.2321,That's My Boy,1.0,0.0,0.0,1.0,0.935,1.0,0.9295,0.7408,spirited,2022,[],[],False,False,False,False,False,0
9356,Look Who's Talking Too,1990.0,0.0,0.5768,0.2307,Clueless,1.0,0.05,0.0256,1.0,0.8674,1.0,0.8217,0.5445,look who's talking too,1990,[],[],False,False,False,False,False,0
10112,The Aristocats,1970.0,0.0,0.5701,0.228,The Jungle Book,0.75,0.0833,0.0811,1.0,1.0,1.0,0.9965,0.998,the aristocats,1970,[],[],False,False,False,False,False,0
10133,Cypher,2002.0,0.0343,0.5164,0.2271,Cube,0.6667,0.0,0.0385,1.0,0.9862,1.0,0.9,0.9538,cypher,2002,[],[],False,False,False,False,False,0
634544,Uncle Frank,2020.0,0.1632,0.3224,0.2269,The Straight Story,0.5,0.0571,0.0,0.0,0.8517,1.0,0.9671,0.9,uncle frank,2020,[],[],False,False,False,False,False,0
25126,Six Shooter,2004.0,0.0,0.5588,0.2235,In Bruges,1.0,0.0455,0.037,1.0,0.0261,1.0,0.9018,0.918,six shooter,2004,[],[],False,False,False,False,False,0
21641,The Damned United,2009.0,0.0,0.554,0.2216,Les Misérables,1.0,0.0238,0.0,1.0,0.1265,1.0,0.8815,0.977,the damned united,2009,[],[],False,False,False,False,False,0
26536,The Little Drummer Boy: Book II,1976.0,0.0,0.5438,0.2175,Rudolph the Red-Nosed Reindeer & the Island of Misfit Toys,1.0,0.6667,0.0,0.0,0.2494,1.0,0.96,1.0,the little drummer boy: book ii,1976,[],[],False,False,False,False,False,0
2665,Airplane II: The Sequel,1982.0,0.0,0.4854,0.1942,Airplane!,1.0,0.0938,0.1765,0.0,0.995,1.0,0.9344,0.6985,airplane ii: the sequel,1982,[],[],False,False,False,False,False,0
9513,Garfield: A Tail of Two Kitties,2006.0,0.0,0.4855,0.1942,Alvin and the Chipmunks,0.5,0.069,0.0526,1.0,0.8825,1.0,0.8957,0.945,garfield: a tail of two kitties,2006,[],[],False,False,False,False,False,0
1397163,Mobile Suit Gundam GQuuuuuuX -Beginning-,2025.0,0.0,0.4848,0.1939,Neon Genesis Evangelion: The End of Evangelion,1.0,0.0625,0.0,0.25,0.9802,1.0,0.8663,0.85,mobile suit gundam gquuuuuux -beginning-,2025,[],[],False,False,False,False,False,0
263794,Druid Peak,2014.0,0.0,0.4613,0.1845,Mowgli: Legend of the Jungle,1.0,0.0714,0.0,0.0,0.9802,1.0,0.9943,0.966,druid peak,2014,[],[],False,False,False,False,False,0
2609,"Planes, Trains and Automobiles",1987.0,0.0,0.4643,0.1857,The Breakfast Club,0.5,0.0,0.0,1.0,0.9862,1.0,0.9204,0.879,"planes, trains and automobiles",1987,[],[],False,False,False,False,False,0
1271,300,2007.0,0.0,0.464,0.1856,Justice League,0.5,0.0333,0.0,1.0,0.9912,1.0,0.9338,0.721,300,2007,[],[],False,False,False,False,False,0
1397640,Cameron Esposito: Four Pills,2025.0,0.0,0.4632,0.1853,Bo Burnham: What.,1.0,0.1429,0.0,0.0,0.995,1.0,0.9842,0.714,cameron esposito: four pills,2025,[],[],False,False,False,False,False,0
444951,New Life,2016.0,0.0,0.463,0.1852,All My Life,1.0,0.1429,0.0,0.0,0.995,1.0,0.9667,0.726,new life,2016,[],[],False,False,False,False,False,0
26665,Aberdeen,2000.0,0.0,0.4629,0.1852,The Meyerowitz Stories (New and Selected),1.0,0.0714,0.0,0.0,0.9994,1.0,0.9809,0.992,aberdeen,2000,[],[],False,False,False,False,False,0
10161,My Left Foot: The Story of Christy Brown,1989.0,0.0,0.4624,0.185,The Straight Story,1.0,0.087,0.0,0.0,0.956,1.0,0.9872,0.9565,my left foot: the story of christy brown,1989,[],[],False,False,False,False,False,0
25350,Imaginary Heroes,2004.0,0.0,0.4619,0.1848,Alex Strangelove,1.0,0.0833,0.0,0.0,0.9231,1.0,0.9942,0.988,imaginary heroes,2004,[],[],False,False,False,False,False,0
184,Jackie Brown,1997.0,0.0,0.4621,0.1848,Once Upon a Time... in Hollywood,0.5,0.0286,0.0,1.0,0.9651,1.0,0.6697,0.9933,jackie brown,1997,[],[],False,False,False,False,False,0
25557,The Puppet Masters,1994.0,0.0,0.4616,0.1846,The Cloverfield Paradox,1.0,0.1053,0.0,0.0,0.9731,1.0,0.8812,0.956,the puppet masters,1994,[],[],False,False,False,False,False,0
948,Halloween,1978.0,0.0,0.461,0.1844,Prince of Darkness,0.5,0.0,0.0278,1.0,0.935,1.0,0.8735,0.8,halloween,1978,[],[],False,False,False,False,False,0
1372,Blood Diamond,2006.0,0.0,0.4822,0.1929,Pawn Sacrifice,0.6667,0.0,0.0,1.0,0.6469,1.0,0.865,0.799,blood diamond,2006,[],[],False,False,False,False,False,0
262153,Fanfaren der Ehe,1953.0,0.0,0.4603,0.1841,Suck Me Shakespeer 2,1.0,0.1667,0.0,0.0,0.667,1.0,0.9849,0.8873,fanfaren der ehe,1953,[],[],False,False,False,False,False,0
9472,DodgeBall: A True Underdog Story,2004.0,0.0,0.4602,0.1841,We're the Millers,0.5,0.0167,0.0,1.0,0.8353,1.0,0.9107,0.8913,dodgeball: a true underdog story,2004,[],[],False,False,False,False,False,0
10950,I Am Sam,2001.0,0.0,0.4599,0.184,Marriage Story,1.0,0.04,0.0256,0.0,0.9862,1.0,0.9936,0.9565,i am sam,2001,[],[],False,False,False,False,False,0
11031,This Is Spinal Tap,1984.0,0.0,0.4592,0.1837,Popstar: Never Stop Never Stopping,1.0,0.1111,0.0,0.0,0.9912,1.0,0.9498,0.7982,this is spinal tap,1984,[],[],False,False,False,False,False,0
10872,The Ref,1994.0,0.0,0.4586,0.1835,Bottle Rocket,1.0,0.0588,0.0,0.0,0.9802,1.0,0.9941,0.963,the ref,1994,[],[],False,False,False,False,False,0
1887,Marie Antoinette,2006.0,0.0,0.4584,0.1833,Luther,1.0,0.0667,0.0,0.0,1.0,1.0,0.9759,0.9248,marie antoinette,2006,[],[],False,False,False,False,False,0
11797,Fright Night,1985.0,0.2592,0.46,0.3396,Fright Night,1.0,0.0769,0.0278,0.0,0.9994,1.0,0.9916,0.7908,fright night,1985,[],[],False,False,False,False,False,0
28176,Tucker: The Man and His Dream,1988.0,0.0,0.4583,0.1833,Erin Brockovich,1.0,0.1667,0.0,0.0,0.8007,1.0,0.8777,0.8217,tucker: the man and his dream,1988,[],[],False,False,False,False,False,0
10115,Stick It,2006.0,0.0,0.4583,0.1833,Alex Strangelove,1.0,0.0625,0.0,0.0,0.9802,1.0,0.9971,0.938,stick it,2006,[],[],False,False,False,False,False,0
9348,Species,1995.0,0.0,0.4642,0.1857,Alien Resurrection,1.0,0.1111,0.0,0.0,0.9994,1.0,0.8862,0.9535,species,1995,[],[],False,False,False,False,False,0
3592,One Million B.C.,1940.0,0.0,0.4641,0.1857,Journey to the Center of the Earth,1.0,0.2143,0.0,0.0,0.9731,1.0,0.9773,0.475,one million b.c.,1940,[],[],False,False,False,False,False,0
25161,George Carlin: Jammin' in New York,1992.0,0.0,0.4642,0.1857,Hannah Gadsby: Nanette,1.0,0.0909,0.0,0.0,0.946,1.0,0.9973,0.9775,george carlin: jammin' in new york,1992,[],[],False,False,False,False,False,0
623388,Hammer: The 'Rootin' for Regen' story,2017.0,0.0,0.4653,0.1861,All My Life,0.5,1.0,0.0,0.0,0.8183,1.0,0.9881,0.0,hammer: the 'rootin' for regen' story,2017,[],[],False,False,False,False,False,0
924,Dawn of the Dead,2004.0,0.0,0.4793,0.1917,Army of the Dead,0.6667,0.0435,0.0,1.0,0.2931,1.0,0.9935,0.7925,dawn of the dead,2004,[],[],False,False,False,False,False,0
533,Wallace & Gromit: The Curse of the Were-Rabbit,2005.0,0.0,0.4783,0.1913,Chicken Run,0.75,0.2414,0.0,0.3333,0.9994,1.0,0.9217,0.9295,wallace & gromit: the curse of the were-rabbit,2005,[],[],False,False,False,False,False,0
10156,History of the World: Part I,1981.0,0.0,0.4782,0.1913,Spaceballs,0.5,0.0286,0.0256,1.0,0.9912,1.0,0.8695,0.987,history of the world: part i,1981,[],[],False,False,False,False,False,0
26497,Impy's Island,2006.0,0.0,0.4777,0.1911,Animals United,0.5,0.0,0.0455,1.0,0.9802,1.0,0.9418,0.95,impy's island,2006,[],[],False,False,False,False,False,0
10970,Silent Movie,1976.0,0.0,0.4742,0.1897,Spaceballs,0.5,0.037,0.0256,1.0,0.956,1.0,0.8565,0.92,silent movie,1976,[],[],False,False,False,False,False,0
10898,The Little Mermaid II: Return to the Sea,2000.0,0.0,0.4741,0.1896,The Land Before Time IV: Journey Through the Mists,1.0,0.0,0.1379,0.0,0.9994,1.0,0.9766,0.9538,the little mermaid ii: return to the sea,2000,[],[],False,False,False,False,False,0
879,Hook,1991.0,0.0,0.4737,0.1895,E.T. the Extra-Terrestrial,0.6,0.0,0.0,1.0,0.6869,1.0,0.9555,0.8313,hook,1991,[],[],False,False,False,False,False,0
10193,Toy Story 3,2010.0,0.0,0.4733,0.1893,"Monsters, Inc.",1.0,0.0625,0.1111,0.0,0.935,1.0,0.8485,0.9885,toy story 3,2010,[],[],False,False,False,False,False,0
26538,Jack Frost,1979.0,0.0,0.4724,0.189,The Last Unicorn,0.6,0.0,0.0741,1.0,0.3411,1.0,0.9922,0.819,jack frost,1979,[],[],False,False,False,False,False,0
956,Mission: Impossible III,2006.0,0.0,0.4722,0.1889,Star Wars: The Rise of Skywalker,0.5,0.0,0.0526,1.0,0.8674,1.0,0.9791,0.8878,mission: impossible iii,2006,[],[],False,False,False,False,False,0
26537,"Nestor, the Long-Eared Christmas Donkey",1977.0,0.0,0.4693,0.1877,Rudolph the Red-Nosed Reindeer & the Island of Misfit Toys,1.0,0.2857,0.0,0.0,0.2635,1.0,0.9929,0.986,"nestor, the long-eared christmas donkey",1977,[],[],False,False,False,False,False,0
28694,Bob the Builder: A Christmas to Remember - The Movie,2001.0,0.0,0.4692,0.1877,Rudolph the Red-Nosed Reindeer & the Island of Misfit Toys,1.0,0.25,0.0,0.0,0.935,1.0,0.9492,0.5,bob the builder: a christmas to remember - the movie,2001,[],[],False,False,False,False,False,0
2019,Hard Target,1993.0,0.0,0.4691,0.1876,Manhunt,0.75,0.0,0.0,1.0,0.956,0.0,0.8702,0.8053,hard target,1993,[],[],False,False,False,False,False,0
25913,Balto: Wolf Quest,2002.0,0.0,0.469,0.1876,The Land Before Time IX: Journey to Big Water,1.0,0.0,0.1053,0.0,0.9912,1.0,0.9903,0.9765,balto: wolf quest,2002,[],[],False,False,False,False,False,0
269287,Miriam,1957.0,0.0544,0.3867,0.1873,Wach,1.0,0.0,0.0,0.0,0.9104,0.0,0.949,0.875,miriam,1957,[],[],False,False,False,False,False,0
968,Dog Day Afternoon,1975.0,0.0,0.4682,0.1873,Inside Man,1.0,0.1562,0.0,0.0,0.9912,1.0,0.8602,0.8873,dog day afternoon,1975,[],[],False,False,False,False,False,0
624479,Superman II: The Richard Donner Cut,2006.0,0.0,0.4676,0.187,Justice League,1.0,0.2308,0.0,0.0,0.9912,1.0,0.7686,0.6685,superman ii: the richard donner cut,2006,[],[],False,False,False,False,False,0
159,Maybe... Maybe Not,1994.0,0.0,0.4672,0.1869,Summer Storm,1.0,0.125,0.0,0.0,0.9912,1.0,0.9772,0.875,maybe... maybe not,1994,[],[],False,False,False,False,False,0
9375,Crazy,2000.0,0.0,0.4659,0.1863,Summer Storm,1.0,0.0952,0.0294,0.0,0.9651,1.0,0.9785,0.875,crazy,2000,[],[],False,False,False,False,False,0
2698,Evan Almighty,2007.0,0.0,0.4478,0.1791,Alvin and the Chipmunks,1.0,0.0323,0.0,0.0,0.9912,1.0,0.8956,0.9397,evan almighty,2007,[],[],False,False,False,False,False,0
